{
	"credit": "Made as part of the MineAnimeCreation.com project.",
	"textures": {
		"0": "./inverted_spear_of_heaven",
		"particle": "./inverted_spear_of_heaven"
	},
	"elements": [
		{
			"from": [7.65, 3, 7.8],
			"to": [8.35, 5.95, 8.7],
			"rotation": {"angle": 0, "axis": "y", "origin": [8, 7.15, 8.1875]},
			"faces": {
				"north": {"uv": [0, 13.05, 0.7, 16], "texture": "#0"},
				"east": {"uv": [13.6, 9.65, 12.7, 12.6], "texture": "#0"},
				"south": {"uv": [0.75, 13.05, 1.45, 16], "texture": "#0"},
				"west": {"uv": [12.7, 9.65, 13.6, 12.6], "texture": "#0"}
			}
		},
		{
			"from": [7.65, 5.65, 8.2],
			"to": [8.35, 9.85, 9.1],
			"rotation": {"angle": 0, "axis": "y", "origin": [8, 7.15, 8.1875]},
			"faces": {
				"north": {"uv": [0, 8.3, 0.7, 12.5], "texture": "#0"},
				"east": {"uv": [14, 5.75, 13.1, 9.95], "texture": "#0"},
				"south": {"uv": [0.75, 8.75, 1.45, 12.95], "texture": "#0"},
				"west": {"uv": [13.1, 5.75, 14, 9.95], "texture": "#0"}
			}
		},
		{
			"from": [7.75, 3, 7.6],
			"to": [8.25, 5.95, 8],
			"rotation": {"angle": 0, "axis": "y", "origin": [8, 7.15, 8.1875]},
			"faces": {
				"north": {"uv": [0.1, 13.05, 0.6, 16], "texture": "#0"},
				"east": {"uv": [12.7, 9.65, 12.3, 12.6], "texture": "#0"},
				"west": {"uv": [12.3, 9.65, 12.7, 12.6], "texture": "#0"}
			}
		},
		{
			"from": [7.85, 3, 7.4],
			"to": [8.15, 5.95, 7.8],
			"rotation": {"angle": 0, "axis": "y", "origin": [8, 7.15, 8.1875]},
			"faces": {
				"north": {"uv": [0.2, 13.05, 0.5, 16], "texture": "#0"},
				"east": {"uv": [12.3, 9.65, 11.9, 12.6], "texture": "#0"},
				"west": {"uv": [11.9, 9.65, 12.3, 12.6], "texture": "#0"}
			}
		},
		{
			"from": [7.95, 3, 7.2],
			"to": [8.05, 5.95, 7.6],
			"rotation": {"angle": 0, "axis": "y", "origin": [8, 7.15, 8.1875]},
			"faces": {
				"north": {"uv": [0.3, 13.05, 0.4, 16], "texture": "#0"},
				"east": {"uv": [11.9, 9.65, 11.5, 12.6], "texture": "#0"},
				"west": {"uv": [11.5, 9.65, 11.9, 12.6], "texture": "#0"}
			}
		},
		{
			"from": [7.95, 5.8, 7.6],
			"to": [8.05, 9.35, 7.8],
			"rotation": {"angle": 0, "axis": "y", "origin": [8, 7.15, 8.1875]},
			"faces": {
				"north": {"uv": [0.3, 8.8, 0.4, 12.35], "texture": "#0"},
				"east": {"uv": [12.7, 6.1, 12.5, 9.65], "texture": "#0"},
				"west": {"uv": [12.5, 6.1, 12.7, 9.65], "texture": "#0"}
			}
		},
		{
			"from": [7.85, 5.8, 7.8],
			"to": [8.15, 9.25, 8],
			"rotation": {"angle": 0, "axis": "y", "origin": [8, 7.15, 8.1875]},
			"faces": {
				"north": {"uv": [0.2, 8.9, 0.5, 12.35], "texture": "#0"},
				"east": {"uv": [12.9, 6.2, 12.7, 9.65], "texture": "#0"},
				"west": {"uv": [12.7, 6.2, 12.9, 9.65], "texture": "#0"}
			}
		},
		{
			"from": [7.75, 5.8, 8],
			"to": [8.25, 9.15, 8.2],
			"rotation": {"angle": 0, "axis": "y", "origin": [8, 7.15, 8.1875]},
			"faces": {
				"north": {"uv": [0.1, 9, 0.6, 12.35], "texture": "#0"},
				"east": {"uv": [13.1, 6.3, 12.9, 9.65], "texture": "#0"},
				"west": {"uv": [12.9, 6.3, 13.1, 9.65], "texture": "#0"}
			}
		},
		{
			"from": [7.85, 3, 8.7],
			"to": [8.15, 5.6, 8.8],
			"rotation": {"angle": 0, "axis": "y", "origin": [8, 7.15, 8.1875]},
			"faces": {
				"east": {"uv": [13.6, 10, 13.7, 12.6], "texture": "#0"},
				"south": {"uv": [0.95, 13.4, 1.25, 16], "texture": "#0"},
				"west": {"uv": [13.6, 10, 13.7, 12.6], "texture": "#0"}
			}
		},
		{
			"from": [7.85, 5.6, 8.7],
			"to": [8.15, 9.15, 9.2],
			"rotation": {"angle": 0, "axis": "y", "origin": [8, 7.15, 8.1875]},
			"faces": {
				"east": {"uv": [14.55, 6.45, 14.05, 10], "texture": "#0"},
				"south": {"uv": [0.95, 9.45, 1.25, 13], "texture": "#0"},
				"west": {"uv": [14.05, 6.45, 14.55, 10], "texture": "#0"}
			}
		},
		{
			"from": [7.6505, 8.41395, 9.53984],
			"to": [8.3495, 8.48466, 10.74192],
			"rotation": {"angle": -45, "axis": "x", "origin": [8, 7.15, 8.1875]},
			"faces": {
				"east": {"uv": [14.05, 6.6, 14.1, 5.75], "rotation": 90, "texture": "#0"},
				"south": {"uv": [0, 7.35, 0.7, 7.4], "texture": "#0"},
				"west": {"uv": [14.05, 5.75, 14.1, 6.6], "rotation": 90, "texture": "#0"},
				"up": {"uv": [0, 7.4, 0.7, 8.25], "rotation": 180, "texture": "#0"}
			}
		},
		{
			"from": [7.7505, 8.62609, 9.46913],
			"to": [8.2495, 8.6968, 10.95406],
			"rotation": {"angle": -45, "axis": "x", "origin": [8, 7.15, 8.1875]},
			"faces": {
				"east": {"uv": [13.75, 5.7, 13.8, 4.65], "rotation": 90, "texture": "#0"},
				"south": {"uv": [0.1, 7.15, 0.6, 7.2], "texture": "#0"},
				"west": {"uv": [13.75, 4.65, 13.8, 5.7], "rotation": 90, "texture": "#0"},
				"up": {"uv": [0.1, 7.2, 0.6, 8.25], "rotation": 180, "texture": "#0"}
			}
		},
		{
			"from": [7.75, 9.05, 8],
			"to": [8.25, 10.15, 9.1],
			"rotation": {"angle": 0, "axis": "y", "origin": [8, 7.15, 8.1875]},
			"faces": {
				"east": {"uv": [13.6, 4.65, 12.5, 5.75], "texture": "#0"},
				"south": {"uv": [0.85, 8.45, 1.35, 9.55], "texture": "#0"},
				"west": {"uv": [12.5, 4.65, 13.6, 5.75], "texture": "#0"}
			}
		},
		{
			"from": [7.8505, 8.6968, 9.39842],
			"to": [8.1495, 8.90893, 11.16619],
			"rotation": {"angle": -45, "axis": "x", "origin": [8, 7.15, 8.1875]},
			"faces": {
				"east": {"uv": [13.75, 4.6, 13.9, 3.35], "rotation": 90, "texture": "#0"},
				"south": {"uv": [0.2, 6.85, 0.5, 7], "texture": "#0"},
				"west": {"uv": [13.75, 3.35, 13.9, 4.6], "rotation": 90, "texture": "#0"},
				"up": {"uv": [0.2, 7, 0.5, 8.25], "rotation": 180, "texture": "#0"}
			}
		},
		{
			"from": [7.85, 9.15, 7.8],
			"to": [8.15, 10.45, 9.2],
			"rotation": {"angle": 0, "axis": "y", "origin": [8, 7.15, 8.1875]},
			"faces": {
				"east": {"uv": [13.7, 3.35, 12.3, 4.65], "texture": "#0"},
				"south": {"uv": [0.95, 8.15, 1.25, 9.45], "texture": "#0"},
				"west": {"uv": [12.3, 3.35, 13.7, 4.65], "texture": "#0"}
			}
		},
		{
			"from": [7.9505, 8.90893, 9.32771],
			"to": [8.0495, 9.12106, 11.37832],
			"rotation": {"angle": -45, "axis": "x", "origin": [8, 7.15, 8.1875]},
			"faces": {
				"east": {"uv": [13.75, 3.3, 13.9, 1.85], "rotation": 90, "texture": "#0"},
				"south": {"uv": [0.3, 6.65, 0.4, 6.8], "texture": "#0"},
				"west": {"uv": [13.75, 1.85, 13.9, 3.3], "rotation": 90, "texture": "#0"},
				"up": {"uv": [0.3, 6.8, 0.4, 8.25], "rotation": 180, "texture": "#0"}
			}
		},
		{
			"from": [7.95, 9.25, 7.6],
			"to": [8.05, 10.75, 9.2],
			"rotation": {"angle": 0, "axis": "y", "origin": [8, 7.15, 8.1875]},
			"faces": {
				"east": {"uv": [13.7, 1.85, 12.1, 3.35], "texture": "#0"},
				"south": {"uv": [1.05, 7.85, 1.15, 9.35], "texture": "#0"},
				"west": {"uv": [12.1, 1.85, 13.7, 3.35], "texture": "#0"}
			}
		},
		{
			"from": [7.6505, 5.69159, 7.45388],
			"to": [8.3495, 5.7623, 8.01956],
			"rotation": {"angle": -45, "axis": "x", "origin": [8, 7.15, 8.1875]},
			"faces": {
				"east": {"uv": [14, 10, 14.05, 9.6], "rotation": 90, "texture": "#0"},
				"west": {"uv": [14, 9.6, 14.05, 10], "rotation": 90, "texture": "#0"},
				"down": {"uv": [0.75, 13, 1.45, 13.4], "texture": "#0"}
			}
		},
		{
			"from": [7.6505, 5.77998, 9.00951],
			"to": [8.3495, 6.34567, 9.08022],
			"rotation": {"angle": 45, "axis": "x", "origin": [8, 7.15, 8.1875]},
			"faces": {
				"north": {"uv": [0, 12.5, 0.7, 12.9], "texture": "#0"},
				"east": {"uv": [12.4, 9.55, 12, 9.6], "rotation": 90, "texture": "#0"},
				"west": {"uv": [12, 9.55, 12.4, 9.6], "rotation": 270, "texture": "#0"}
			}
		},
		{
			"from": [7.7505, 5.63856, 8.86809],
			"to": [8.2495, 6.20424, 8.9388],
			"rotation": {"angle": 45, "axis": "x", "origin": [8, 7.15, 8.1875]},
			"faces": {
				"north": {"uv": [0.1, 12.5, 0.6, 12.9], "texture": "#0"},
				"east": {"uv": [12.4, 9.45, 12, 9.5], "rotation": 90, "texture": "#0"},
				"west": {"uv": [12, 9.45, 12.4, 9.5], "rotation": 270, "texture": "#0"}
			}
		},
		{
			"from": [7.8505, 5.49714, 8.72667],
			"to": [8.1495, 6.06282, 8.79738],
			"rotation": {"angle": 45, "axis": "x", "origin": [8, 7.15, 8.1875]},
			"faces": {
				"north": {"uv": [0.2, 12.5, 0.5, 12.9], "texture": "#0"},
				"east": {"uv": [12.4, 9.35, 12, 9.4], "rotation": 90, "texture": "#0"},
				"west": {"uv": [12, 9.35, 12.4, 9.4], "rotation": 270, "texture": "#0"}
			}
		},
		{
			"from": [7.9505, 5.35572, 8.58525],
			"to": [8.0495, 5.9214, 8.65596],
			"rotation": {"angle": 45, "axis": "x", "origin": [8, 7.15, 8.1875]},
			"faces": {
				"north": {"uv": [0.3, 12.5, 0.4, 12.9], "texture": "#0"},
				"east": {"uv": [12.4, 9.25, 12, 9.3], "rotation": 90, "texture": "#0"},
				"west": {"uv": [12, 9.25, 12.4, 9.3], "rotation": 270, "texture": "#0"}
			}
		},
		{
			"from": [7.8505, 5.62088, 7.52459],
			"to": [8.1495, 5.69159, 8.09027],
			"rotation": {"angle": -45, "axis": "x", "origin": [8, 7.15, 8.1875]},
			"faces": {
				"east": {"uv": [14.55, 10, 14.6, 9.6], "rotation": 90, "texture": "#0"},
				"west": {"uv": [14.55, 9.6, 14.6, 10], "rotation": 90, "texture": "#0"},
				"down": {"uv": [0.95, 13, 1.25, 13.4], "texture": "#0"}
			}
		},
		{
			"from": [7.95, 3, 9],
			"to": [8.05, 5.05, 9.2],
			"rotation": {"angle": 0, "axis": "y", "origin": [8, 4.4875, 9.7125]},
			"faces": {
				"north": {"uv": [1.8, 13.4, 1.9, 15.45], "texture": "#0"},
				"east": {"uv": [14.1, 10.55, 13.9, 12.6], "texture": "#0"},
				"west": {"uv": [13.9, 10.55, 14.1, 12.6], "texture": "#0"}
			}
		},
		{
			"from": [7.85, 3, 9.2],
			"to": [8.15, 4.95, 9.4],
			"rotation": {"angle": 0, "axis": "y", "origin": [8, 4.4875, 9.7125]},
			"faces": {
				"north": {"uv": [1.7, 13.5, 2, 15.45], "texture": "#0"},
				"east": {"uv": [14.3, 10.65, 14.1, 12.6], "texture": "#0"},
				"west": {"uv": [14.1, 10.65, 14.3, 12.6], "texture": "#0"}
			}
		},
		{
			"from": [7.75, 3, 9.4],
			"to": [8.25, 4.85, 9.6],
			"rotation": {"angle": 0, "axis": "y", "origin": [8, 4.4875, 9.7125]},
			"faces": {
				"north": {"uv": [1.6, 13.6, 2.1, 15.45], "texture": "#0"},
				"east": {"uv": [14.5, 10.75, 14.3, 12.6], "texture": "#0"},
				"west": {"uv": [14.3, 10.75, 14.5, 12.6], "texture": "#0"}
			}
		},
		{
			"from": [7.65, 3, 9.6],
			"to": [8.35, 5.55, 10.5],
			"rotation": {"angle": 0, "axis": "y", "origin": [8, 4.4875, 9.7125]},
			"faces": {
				"north": {"uv": [1.5, 12.9, 2.2, 15.45], "texture": "#0"},
				"east": {"uv": [15.4, 10.05, 14.5, 12.6], "texture": "#0"},
				"south": {"uv": [2.25, 9.35, 2.95, 11.9], "texture": "#0"},
				"west": {"uv": [14.5, 10.05, 15.4, 12.6], "texture": "#0"}
			}
		},
		{
			"from": [7.6505, 3.23239, 8.86397],
			"to": [8.3495, 3.3031, 9.57108],
			"rotation": {"angle": -45, "axis": "x", "origin": [8, 4.4875, 9.7125]},
			"faces": {
				"east": {"uv": [14.95, 13.1, 15, 12.6], "rotation": 90, "texture": "#0"},
				"west": {"uv": [14.95, 12.6, 15, 13.1], "rotation": 90, "texture": "#0"},
				"down": {"uv": [2.25, 11.9, 2.95, 12.4], "texture": "#0"}
			}
		},
		{
			"from": [7.95, 4.95, 9],
			"to": [8.05, 6.45, 10.6],
			"rotation": {"angle": 0, "axis": "y", "origin": [8, 4.4875, 9.7125]},
			"faces": {
				"east": {"uv": [15.55, 1.85, 13.95, 3.35], "texture": "#0"},
				"south": {"uv": [2.55, 8.45, 2.65, 9.9], "texture": "#0"},
				"west": {"uv": [13.95, 1.85, 15.55, 3.35], "texture": "#0"}
			}
		},
		{
			"from": [7.9505, 5.17693, 9.60643],
			"to": [8.0495, 5.38906, 11.65704],
			"rotation": {"angle": -45, "axis": "x", "origin": [8, 4.4875, 9.7125]},
			"faces": {
				"east": {"uv": [15.6, 3.3, 15.75, 1.85], "rotation": 90, "texture": "#0"},
				"south": {"uv": [1.8, 11.25, 1.9, 11.4], "texture": "#0"},
				"west": {"uv": [15.6, 1.85, 15.75, 3.3], "rotation": 90, "texture": "#0"},
				"up": {"uv": [1.8, 11.4, 1.899, 12.85], "rotation": 180, "texture": "#0"}
			}
		},
		{
			"from": [7.85, 4.85, 9.2],
			"to": [8.15, 6.15, 10.6],
			"rotation": {"angle": 0, "axis": "y", "origin": [8, 4.4875, 9.7125]},
			"faces": {
				"east": {"uv": [15.55, 3.35, 14.15, 4.65], "texture": "#0"},
				"south": {"uv": [2.45, 8.75, 2.75, 10.05], "texture": "#0"},
				"west": {"uv": [14.15, 3.35, 15.55, 4.65], "texture": "#0"}
			}
		},
		{
			"from": [7.8505, 4.9648, 9.67715],
			"to": [8.1495, 5.17693, 11.44491],
			"rotation": {"angle": -45, "axis": "x", "origin": [8, 4.4875, 9.7125]},
			"faces": {
				"east": {"uv": [15.6, 4.6, 15.75, 3.35], "rotation": 90, "texture": "#0"},
				"south": {"uv": [1.7, 11.45, 2, 11.6], "texture": "#0"},
				"west": {"uv": [15.6, 3.35, 15.75, 4.6], "rotation": 90, "texture": "#0"},
				"up": {"uv": [1.7, 11.6, 2, 12.85], "rotation": 180, "texture": "#0"}
			}
		},
		{
			"from": [7.75, 4.75, 9.4],
			"to": [8.25, 5.85, 10.5],
			"rotation": {"angle": 0, "axis": "y", "origin": [8, 4.4875, 9.7125]},
			"faces": {
				"east": {"uv": [15.45, 4.65, 14.35, 5.75], "texture": "#0"},
				"south": {"uv": [2.35, 9.05, 2.85, 10.1], "texture": "#0"},
				"west": {"uv": [14.35, 4.65, 15.45, 5.75], "texture": "#0"}
			}
		},
		{
			"from": [7.7505, 4.89409, 9.74786],
			"to": [8.2495, 4.9648, 11.23278],
			"rotation": {"angle": -45, "axis": "x", "origin": [8, 4.4875, 9.7125]},
			"faces": {
				"east": {"uv": [15.6, 5.7, 15.65, 4.65], "rotation": 90, "texture": "#0"},
				"south": {"uv": [1.6, 11.75, 2.1, 11.8], "texture": "#0"},
				"west": {"uv": [15.6, 4.65, 15.65, 5.7], "rotation": 90, "texture": "#0"},
				"up": {"uv": [1.6, 11.8, 2.1, 12.85], "rotation": 180, "texture": "#0"}
			}
		},
		{
			"from": [7.6505, 4.68195, 9.81857],
			"to": [8.3495, 4.75267, 11.02065],
			"rotation": {"angle": -45, "axis": "x", "origin": [8, 4.4875, 9.7125]},
			"faces": {
				"east": {"uv": [15.45, 10.9, 15.5, 10.05], "rotation": 90, "texture": "#0"},
				"south": {"uv": [1.5, 11.95, 2.2, 12], "texture": "#0"},
				"west": {"uv": [15.45, 10.05, 15.5, 10.9], "rotation": 90, "texture": "#0"},
				"up": {"uv": [1.5, 12, 2.2, 12.85], "rotation": 180, "texture": "#0"}
			}
		},
		{
			"from": [7.85, 3, 10],
			"to": [8.15, 4.85, 10.6],
			"rotation": {"angle": 0, "axis": "y", "origin": [8, 4.4875, 9.7125]},
			"faces": {
				"east": {"uv": [16, 11.25, 15.4, 13.1], "texture": "#0"},
				"south": {"uv": [2.45, 10.05, 2.75, 11.9], "texture": "#0"},
				"west": {"uv": [15.4, 11.25, 16, 13.1], "texture": "#0"}
			}
		},
		{
			"from": [7.8505, 3.16167, 8.93468],
			"to": [8.1495, 3.23239, 9.64179],
			"rotation": {"angle": -45, "axis": "x", "origin": [8, 4.4875, 9.7125]},
			"faces": {
				"east": {"uv": [15.05, 13.1, 15.1, 12.6], "rotation": 90, "texture": "#0"},
				"west": {"uv": [15.05, 12.6, 15.1, 13.1], "rotation": 90, "texture": "#0"},
				"down": {"uv": [2.45, 11.9, 2.749, 12.4], "texture": "#0"}
			}
		},
		{
			"from": [7.65, 1, 6.8],
			"to": [8.35, 3, 10],
			"rotation": {"angle": 0, "axis": "y", "origin": [8, 2, 8.24375]},
			"faces": {
				"north": {"uv": [3, 13.25, 3.7, 15.25], "texture": "#0"},
				"east": {"uv": [14.9, 13.3, 11.7, 15.3], "texture": "#0"},
				"south": {"uv": [2.25, 12.4, 2.95, 14.4], "texture": "#0"},
				"west": {"uv": [11.7, 13.3, 14.9, 15.3], "texture": "#0"},
				"up": {"uv": [11.7, 12.6, 14.9, 13.3], "rotation": 90, "texture": "#0"},
				"down": {"uv": [11.7, 15.3, 14.9, 16], "rotation": 270, "texture": "#0"}
			}
		},
		{
			"from": [7.6505, 0.75814, 8.07139],
			"to": [8.3495, 0.7935, 9.48561],
			"rotation": {"angle": -45, "axis": "x", "origin": [8, 2, 8.24375]},
			"faces": {
				"east": {"uv": [14.95, 15.3, 15, 14.3], "rotation": 90, "texture": "#0"},
				"west": {"uv": [14.95, 14.3, 15, 15.3], "rotation": 90, "texture": "#0"},
				"down": {"uv": [2.25, 14.45, 2.95, 15.45], "texture": "#0"}
			}
		},
		{
			"from": [7.6505, 0.41343, 7.78855],
			"to": [8.3495, 0.44878, 8.07139],
			"rotation": {"angle": 45, "axis": "x", "origin": [8, 2, 8.24375]},
			"faces": {
				"east": {"uv": [11.7, 15.3, 11.5, 15.35], "texture": "#0"},
				"west": {"uv": [11.5, 15.3, 11.7, 15.35], "texture": "#0"},
				"down": {"uv": [3, 15.25, 3.7, 15.45], "texture": "#0"}
			}
		},
		{
			"from": [7.6505, 3.55122, 7.78855],
			"to": [8.3495, 3.58657, 8.07139],
			"rotation": {"angle": -45, "axis": "x", "origin": [8, 2, 8.24375]},
			"faces": {
				"east": {"uv": [11.7, 13.25, 11.5, 13.3], "texture": "#0"},
				"west": {"uv": [11.5, 13.25, 11.7, 13.3], "texture": "#0"},
				"up": {"uv": [3, 13.2, 3.7, 13], "texture": "#0"}
			}
		},
		{
			"from": [7.85, 1, 9],
			"to": [8.15, 3, 10.1],
			"rotation": {"angle": 0, "axis": "y", "origin": [8, 2, 8.24375]},
			"faces": {
				"east": {"uv": [16, 13.7, 14.9, 15.7], "texture": "#0"},
				"south": {"uv": [2.45, 12.4, 2.75, 14.4], "texture": "#0"},
				"west": {"uv": [14.9, 13.7, 16, 15.7], "texture": "#0"},
				"down": {"uv": [14.9, 15.7, 16, 16], "rotation": 270, "texture": "#0"}
			}
		},
		{
			"from": [7.8505, 0.68743, 8.1421],
			"to": [8.1495, 0.75814, 9.55632],
			"rotation": {"angle": -45, "axis": "x", "origin": [8, 2, 8.24375]},
			"faces": {
				"east": {"uv": [15.05, 15.25, 15.1, 14.25], "rotation": 90, "texture": "#0"},
				"west": {"uv": [15.05, 14.25, 15.1, 15.25], "rotation": 90, "texture": "#0"},
				"down": {"uv": [2.45, 14.45, 2.75, 15.45], "texture": "#0"}
			}
		},
		{
			"from": [7.65, 0.5, 7.4],
			"to": [8.35, 1, 8.6],
			"rotation": {"angle": 0, "axis": "y", "origin": [8, 0.75, 8]},
			"faces": {
				"east": {"uv": [3.2, 15.5, 2, 16], "texture": "#0"},
				"west": {"uv": [2, 15.5, 3.2, 16], "texture": "#0"}
			}
		},
		{
			"from": [7.32825, 0.5, 7.32825],
			"to": [7.82322, 1, 7.82322],
			"rotation": {"angle": -45, "axis": "y", "origin": [8, 0.75, 8]},
			"faces": {
				"north": {"uv": [2, 15.5, 1.65, 16], "texture": "#0"},
				"west": {"uv": [1.65, 15.5, 2, 16], "texture": "#0"}
			}
		},
		{
			"from": [7.32825, 0.5, 8.17678],
			"to": [7.82322, 1, 8.67175],
			"rotation": {"angle": 45, "axis": "y", "origin": [8, 0.75, 8]},
			"faces": {
				"south": {"uv": [3.55, 15.5, 3.2, 16], "texture": "#0"},
				"west": {"uv": [3.2, 15.5, 3.55, 16], "texture": "#0"}
			}
		},
		{
			"from": [7, 0, 6],
			"to": [9, 0.5, 10],
			"rotation": {"angle": 0, "axis": "y", "origin": [8, 0.25, 7.6]},
			"faces": {
				"east": {"uv": [7.1, 10.85, 6.6, 14.85], "rotation": 90, "texture": "#0"},
				"south": {"uv": [7.1, 14.85, 9.1, 15.35], "texture": "#0"},
				"west": {"uv": [6.6, 10.85, 7.1, 14.85], "rotation": 90, "texture": "#0"},
				"up": {"uv": [7.1, 10.85, 9.1, 14.85], "texture": "#0"},
				"down": {"uv": [7.1, 14.85, 9.1, 10.85], "texture": "#0"}
			}
		},
		{
			"from": [7.5, 0, 5.05],
			"to": [8.5, 0.5, 6],
			"rotation": {"angle": 0, "axis": "y", "origin": [8, 0.25, 7.6]},
			"faces": {
				"east": {"uv": [7.1, 10.85, 7.6, 9.9], "rotation": 90, "texture": "#0"},
				"west": {"uv": [7.1, 9.9, 7.6, 10.85], "rotation": 90, "texture": "#0"},
				"up": {"uv": [7.6, 9.9, 8.6, 10.85], "texture": "#0"},
				"down": {"uv": [7.6, 10.85, 8.6, 9.9], "texture": "#0"}
			}
		},
		{
			"from": [6.16152, 0.0005, 5.76152],
			"to": [6.86863, 0.4995, 6.46863],
			"rotation": {"angle": -45, "axis": "y", "origin": [8, 0.25, 7.6]},
			"faces": {
				"north": {"uv": [7.1, 9.4, 7.6, 9.9], "texture": "#0"},
				"west": {"uv": [7.1, 9.4, 7.6, 9.9], "texture": "#0"},
				"up": {"uv": [7.85, 9.25, 8.35, 9.75], "texture": "#0"},
				"down": {"uv": [7.85, 9.75, 8.35, 9.25], "texture": "#0"}
			}
		},
		{
			"from": [6.51508, 0.0005, 6.82218],
			"to": [6.6565, 0.4995, 7.52929],
			"rotation": {"angle": -45, "axis": "y", "origin": [8, 0.25, 7.6]},
			"faces": {
				"west": {"uv": [6.6, 10.35, 7.1, 10.85], "texture": "#0"},
				"up": {"uv": [9.15, 10.85, 9.2, 11.35], "texture": "#0"},
				"down": {"uv": [9.15, 11.35, 9.2, 10.85], "texture": "#0"}
			}
		},
		{
			"from": [9.3435, 0.0005, 6.82218],
			"to": [9.48492, 0.4995, 7.52929],
			"rotation": {"angle": 45, "axis": "y", "origin": [8, 0.25, 7.6]},
			"faces": {
				"east": {"uv": [6.6, 10.35, 7.1, 10.85], "texture": "#0"},
				"up": {"uv": [9.25, 10.85, 9.3, 11.35], "texture": "#0"},
				"down": {"uv": [9.25, 11.35, 9.3, 10.85], "texture": "#0"}
			}
		},
		{
			"from": [9.90919, 0.0005, 8.2364],
			"to": [10.05061, 0.4995, 8.9435],
			"rotation": {"angle": -45, "axis": "y", "origin": [8, 0.25, 7.6]},
			"faces": {
				"east": {"uv": [6.6, 14.85, 7.1, 15.35], "texture": "#0"},
				"up": {"uv": [9.15, 14.35, 9.2, 14.85], "texture": "#0"},
				"down": {"uv": [9.15, 14.85, 9.2, 14.35], "texture": "#0"}
			}
		},
		{
			"from": [5.94939, 0.0005, 8.2364],
			"to": [6.09081, 0.4995, 8.9435],
			"rotation": {"angle": 45, "axis": "y", "origin": [8, 0.25, 7.6]},
			"faces": {
				"west": {"uv": [6.6, 14.85, 7.1, 15.35], "texture": "#0"},
				"up": {"uv": [9.25, 14.35, 9.3, 14.85], "texture": "#0"},
				"down": {"uv": [9.25, 14.85, 9.3, 14.35], "texture": "#0"}
			}
		},
		{
			"from": [7.3005, -2.2407, 10.53675],
			"to": [8.6995, -2.16999, 11.80954],
			"rotation": {"angle": -45, "axis": "x", "origin": [8, -3.7875, 8]},
			"faces": {
				"east": {"uv": [10.95, 5.55, 10.05, 5.6], "texture": "#0"},
				"west": {"uv": [10.05, 5.55, 10.95, 5.6], "texture": "#0"},
				"down": {"uv": [9.8, 5.65, 11.2, 6.55], "texture": "#0"}
			}
		},
		{
			"from": [7.3005, -2.2407, 4.19046],
			"to": [8.6995, -2.16999, 5.46325],
			"rotation": {"angle": 45, "axis": "x", "origin": [8, -3.7875, 8]},
			"faces": {
				"east": {"uv": [6.45, 5.55, 5.55, 5.6], "texture": "#0"},
				"west": {"uv": [5.55, 5.55, 6.45, 5.6], "texture": "#0"},
				"down": {"uv": [5.3, 5.65, 6.7, 6.55], "texture": "#0"}
			}
		},
		{
			"from": [7.3, -0.9, 6.45],
			"to": [8.7, 0, 9.55],
			"rotation": {"angle": 0, "axis": "y", "origin": [8, -3.7875, 8.05]},
			"faces": {
				"east": {"uv": [6.7, 5.65, 9.8, 6.55], "texture": "#0"},
				"west": {"uv": [6.7, 5.65, 9.8, 6.55], "texture": "#0"},
				"down": {"uv": [6.7, 6.55, 9.8, 7.95], "rotation": 270, "texture": "#0"}
			}
		},
		{
			"name": "hexadecagon",
			"from": [7.90054, -5.899, 7.5],
			"to": [8.09946, -0.851, 8.5],
			"rotation": {"angle": -45, "axis": "y", "origin": [8, -3.7875, 8]},
			"faces": {
				"north": {"uv": [1.2, 0, 1.4, 5], "texture": "#0"},
				"south": {"uv": [1.2, 0, 1.4, 5], "texture": "#0"},
				"down": {"uv": [2.85, 0, 3.04891, 1], "texture": "#0"}
			}
		},
		{
			"name": "hexadecagon",
			"from": [7.90054, -5.89851, 7.5],
			"to": [8.09946, -0.85149, 8.5],
			"rotation": {"angle": -22.5, "axis": "y", "origin": [8, -3.7875, 8]},
			"faces": {
				"north": {"uv": [1.4, 0, 1.6, 5], "texture": "#0"},
				"south": {"uv": [1.4, 0, 1.6, 5], "texture": "#0"},
				"down": {"uv": [3.05, 0, 3.24891, 1], "texture": "#0"}
			}
		},
		{
			"name": "hexadecagon",
			"from": [7.90054, -5.9, 7.5],
			"to": [8.09946, -0.85, 8.5],
			"rotation": {"angle": 0, "axis": "y", "origin": [8, -3.7875, 8]},
			"faces": {
				"north": {"uv": [0, 0, 0.2, 5], "texture": "#0"},
				"south": {"uv": [0, 0, 0.2, 5], "texture": "#0"},
				"down": {"uv": [1.65, 0, 1.84891, 1], "texture": "#0"}
			}
		},
		{
			"name": "hexadecagon",
			"from": [7.90054, -5.89851, 7.5],
			"to": [8.09946, -0.85149, 8.5],
			"rotation": {"angle": 22.5, "axis": "y", "origin": [8, -3.7875, 8]},
			"faces": {
				"north": {"uv": [0.2, 0, 0.4, 5], "texture": "#0"},
				"south": {"uv": [0.2, 0, 0.4, 5], "texture": "#0"},
				"down": {"uv": [1.85, 0, 2.04891, 1], "texture": "#0"}
			}
		},
		{
			"name": "hexadecagon",
			"from": [7.90054, -5.899, 7.5],
			"to": [8.09946, -0.85099, 8.5],
			"rotation": {"angle": 45, "axis": "y", "origin": [8, -3.7875, 8]},
			"faces": {
				"north": {"uv": [0.4, 0, 0.6, 5], "texture": "#0"},
				"south": {"uv": [0.4, 0, 0.6, 5], "texture": "#0"},
				"down": {"uv": [2.05, 0, 2.24891, 1], "texture": "#0"}
			}
		},
		{
			"name": "hexadecagon",
			"from": [7.5, -5.8995, 7.90054],
			"to": [8.5, -0.8505, 8.09946],
			"rotation": {"angle": -22.5, "axis": "y", "origin": [8, -3.7875, 8]},
			"faces": {
				"east": {"uv": [0.6, 0, 0.8, 5], "texture": "#0"},
				"west": {"uv": [0.6, 0, 0.8, 5], "texture": "#0"},
				"down": {"uv": [2.25, 0, 2.44891, 1], "rotation": 90, "texture": "#0"}
			}
		},
		{
			"name": "hexadecagon",
			"from": [7.5, -5.9, 7.90054],
			"to": [8.5, -0.85, 8.09946],
			"rotation": {"angle": 0, "axis": "y", "origin": [8, -3.7875, 8]},
			"faces": {
				"east": {"uv": [0.8, 0, 1, 5], "texture": "#0"},
				"west": {"uv": [0.8, 0, 1, 5], "texture": "#0"},
				"down": {"uv": [2.45, 0, 2.64891, 1], "rotation": 90, "texture": "#0"}
			}
		},
		{
			"name": "hexadecagon",
			"from": [7.5, -5.8995, 7.90054],
			"to": [8.5, -0.8505, 8.09946],
			"rotation": {"angle": 22.5, "axis": "y", "origin": [8, -3.7875, 8]},
			"faces": {
				"east": {"uv": [1, 0, 1.2, 5], "texture": "#0"},
				"west": {"uv": [1, 0, 1.2, 5], "texture": "#0"},
				"down": {"uv": [2.65, 0, 2.84891, 1], "rotation": 90, "texture": "#0"}
			}
		},
		{
			"name": "hexadecagon",
			"from": [7.85, -5.95, 7.85082],
			"to": [8.15, -5.75, 8.14918],
			"rotation": {"angle": 0, "axis": "y", "origin": [8, -3.7875, 8]},
			"faces": {
				"east": {"uv": [5.4, 0.3, 5.1, 0.5], "texture": "#0"},
				"west": {"uv": [5.1, 0.3, 5.4, 0.5], "texture": "#0"},
				"down": {"uv": [5.1, 0.5, 5.4, 0.8], "texture": "#0"}
			}
		},
		{
			"name": "hexadecagon",
			"from": [7.8505, -5.74352, 6.81279],
			"to": [8.1495, -5.54352, 7.11116],
			"rotation": {"angle": -22.5, "axis": "x", "origin": [8, -3.7875, 8]},
			"faces": {
				"east": {"uv": [5.1, 0.3, 4.8, 0.5], "texture": "#0"},
				"west": {"uv": [4.8, 0.3, 5.1, 0.5], "texture": "#0"},
				"down": {"uv": [4.8, 0.5, 5.1, 0.8], "texture": "#0"}
			}
		},
		{
			"name": "hexadecagon",
			"from": [7.85, -5.85471, 9.16803],
			"to": [8.15, -5.55634, 9.36803],
			"rotation": {"angle": 45, "axis": "x", "origin": [8, -3.7875, 8]},
			"faces": {
				"north": {"uv": [3.3, 0, 3.6, 0.3], "texture": "#0"},
				"east": {"uv": [3.3, 0.5, 3.6, 0.3], "rotation": 90, "texture": "#0"},
				"south": {"uv": [3.3, 0.5, 3.6, 0.8], "texture": "#0"},
				"west": {"uv": [3.3, 0.3, 3.6, 0.5], "rotation": 90, "texture": "#0"}
			}
		},
		{
			"name": "hexadecagon",
			"from": [7.8505, -6.44271, 8.28803],
			"to": [8.1495, -6.14434, 8.48803],
			"rotation": {"angle": 22.5, "axis": "x", "origin": [8, -3.7875, 8]},
			"faces": {
				"north": {"uv": [3.6, 0, 3.9, 0.3], "texture": "#0"},
				"east": {"uv": [3.6, 0.5, 3.9, 0.3], "rotation": 90, "texture": "#0"},
				"south": {"uv": [3.6, 0.5, 3.9, 0.8], "texture": "#0"},
				"west": {"uv": [3.6, 0.3, 3.9, 0.5], "rotation": 90, "texture": "#0"}
			}
		},
		{
			"name": "hexadecagon",
			"from": [7.85, -6.64918, 7.25],
			"to": [8.15, -6.35082, 7.45],
			"rotation": {"angle": 0, "axis": "y", "origin": [8, -3.7875, 8]},
			"faces": {
				"north": {"uv": [3.9, 0, 4.2, 0.3], "texture": "#0"},
				"east": {"uv": [3.9, 0.5, 4.2, 0.3], "rotation": 90, "texture": "#0"},
				"south": {"uv": [3.9, 0.5, 4.2, 0.8], "texture": "#0"},
				"west": {"uv": [3.9, 0.3, 4.2, 0.5], "rotation": 90, "texture": "#0"}
			}
		},
		{
			"name": "hexadecagon",
			"from": [7.85, -5.85471, 5.33197],
			"to": [8.15, -5.55634, 5.53197],
			"rotation": {"angle": -45, "axis": "x", "origin": [8, -3.7875, 8]},
			"faces": {
				"north": {"uv": [4.5, 0, 4.8, 0.3], "texture": "#0"},
				"east": {"uv": [4.5, 0.5, 4.8, 0.3], "rotation": 90, "texture": "#0"},
				"south": {"uv": [4.5, 0.5, 4.8, 0.8], "texture": "#0"},
				"west": {"uv": [4.5, 0.3, 4.8, 0.5], "rotation": 90, "texture": "#0"}
			}
		},
		{
			"name": "hexadecagon",
			"from": [7.8505, -6.44271, 6.21197],
			"to": [8.1495, -6.14434, 6.41197],
			"rotation": {"angle": -22.5, "axis": "x", "origin": [8, -3.7875, 8]},
			"faces": {
				"north": {"uv": [4.2, 0, 4.5, 0.3], "texture": "#0"},
				"east": {"uv": [4.2, 0.5, 4.5, 0.3], "rotation": 90, "texture": "#0"},
				"south": {"uv": [4.2, 0.5, 4.5, 0.8], "texture": "#0"},
				"west": {"uv": [4.2, 0.3, 4.5, 0.5], "rotation": 90, "texture": "#0"}
			}
		},
		{
			"name": "hexadecagon",
			"from": [7.85, -5.85471, 6.63197],
			"to": [8.15, -5.55634, 6.83197],
			"rotation": {"angle": -45, "axis": "x", "origin": [8, -3.7875, 8]},
			"faces": {
				"north": {"uv": [7.8, 0.5, 8.1, 0.8], "texture": "#0"},
				"east": {"uv": [7.8, 0.5, 8.1, 0.3], "rotation": 90, "texture": "#0"},
				"south": {"uv": [7.8, 0, 8.1, 0.3], "texture": "#0"},
				"west": {"uv": [7.8, 0.3, 8.1, 0.5], "rotation": 90, "texture": "#0"}
			}
		},
		{
			"name": "hexadecagon",
			"from": [7.8505, -6.44271, 7.51197],
			"to": [8.1495, -6.14434, 7.71197],
			"rotation": {"angle": -22.5, "axis": "x", "origin": [8, -3.7875, 8]},
			"faces": {
				"north": {"uv": [7.5, 0.5, 7.8, 0.8], "texture": "#0"},
				"east": {"uv": [7.5, 0.5, 7.8, 0.3], "rotation": 90, "texture": "#0"},
				"south": {"uv": [7.5, 0, 7.8, 0.3], "texture": "#0"},
				"west": {"uv": [7.5, 0.3, 7.8, 0.5], "rotation": 90, "texture": "#0"}
			}
		},
		{
			"name": "hexadecagon",
			"from": [7.85, -6.64918, 8.55],
			"to": [8.15, -6.35082, 8.75],
			"rotation": {"angle": 0, "axis": "y", "origin": [8, -3.7875, 8]},
			"faces": {
				"north": {"uv": [7.2, 0.5, 7.5, 0.8], "texture": "#0"},
				"east": {"uv": [7.2, 0.5, 7.5, 0.3], "rotation": 90, "texture": "#0"},
				"south": {"uv": [7.2, 0, 7.5, 0.3], "texture": "#0"},
				"west": {"uv": [7.2, 0.3, 7.5, 0.5], "rotation": 90, "texture": "#0"}
			}
		},
		{
			"name": "hexadecagon",
			"from": [7.8505, -6.44271, 9.58803],
			"to": [8.1495, -6.14434, 9.78803],
			"rotation": {"angle": 22.5, "axis": "x", "origin": [8, -3.7875, 8]},
			"faces": {
				"north": {"uv": [6.9, 0.5, 7.2, 0.8], "texture": "#0"},
				"east": {"uv": [6.9, 0.5, 7.2, 0.3], "rotation": 90, "texture": "#0"},
				"south": {"uv": [6.9, 0, 7.2, 0.3], "texture": "#0"},
				"west": {"uv": [6.9, 0.3, 7.2, 0.5], "rotation": 90, "texture": "#0"}
			}
		},
		{
			"name": "hexadecagon",
			"from": [7.85, -5.85471, 10.46803],
			"to": [8.15, -5.55634, 10.66803],
			"rotation": {"angle": 45, "axis": "x", "origin": [8, -3.7875, 8]},
			"faces": {
				"north": {"uv": [6.6, 0.5, 6.9, 0.8], "texture": "#0"},
				"east": {"uv": [6.6, 0.5, 6.9, 0.3], "rotation": 90, "texture": "#0"},
				"south": {"uv": [6.6, 0, 6.9, 0.3], "texture": "#0"},
				"west": {"uv": [6.6, 0.3, 6.9, 0.5], "rotation": 90, "texture": "#0"}
			}
		},
		{
			"name": "hexadecagon",
			"from": [7.8505, -7.04352, 6.81279],
			"to": [8.1495, -6.84352, 7.11116],
			"rotation": {"angle": -22.5, "axis": "x", "origin": [8, -3.7875, 8]},
			"faces": {
				"east": {"uv": [6.6, 0.3, 6.3, 0.5], "texture": "#0"},
				"west": {"uv": [6.3, 0.3, 6.6, 0.5], "texture": "#0"},
				"up": {"uv": [6.3, 0.5, 6.6, 0.8], "texture": "#0"},
				"down": {"uv": [6.3, 0, 6.6, 0.3], "texture": "#0"}
			}
		},
		{
			"name": "hexadecagon",
			"from": [7.85, -7.25, 7.85082],
			"to": [8.15, -7.05, 8.14918],
			"rotation": {"angle": 0, "axis": "y", "origin": [8, -3.7875, 8]},
			"faces": {
				"east": {"uv": [6.3, 0.3, 6, 0.5], "texture": "#0"},
				"west": {"uv": [6, 0.3, 6.3, 0.5], "texture": "#0"},
				"up": {"uv": [6, 0.5, 6.3, 0.8], "texture": "#0"},
				"down": {"uv": [6, 0, 6.3, 0.3], "texture": "#0"}
			}
		},
		{
			"name": "hexadecagon",
			"from": [7.8505, -7.04352, 8.88884],
			"to": [8.1495, -6.84352, 9.18721],
			"rotation": {"angle": 22.5, "axis": "x", "origin": [8, -3.7875, 8]},
			"faces": {
				"east": {"uv": [6, 0.3, 5.7, 0.5], "texture": "#0"},
				"west": {"uv": [5.7, 0.3, 6, 0.5], "texture": "#0"},
				"up": {"uv": [5.7, 0.5, 6, 0.8], "texture": "#0"},
				"down": {"uv": [5.7, 0, 6, 0.3], "texture": "#0"}
			}
		},
		{
			"name": "hexadecagon",
			"from": [7.8505, -5.74352, 8.88884],
			"to": [8.1495, -5.54352, 9.18721],
			"rotation": {"angle": 22.5, "axis": "x", "origin": [8, -3.7875, 8]},
			"faces": {
				"east": {"uv": [5.7, 0.3, 5.4, 0.5], "texture": "#0"},
				"west": {"uv": [5.4, 0.3, 5.7, 0.5], "texture": "#0"},
				"down": {"uv": [5.4, 0.5, 5.7, 0.8], "texture": "#0"}
			}
		}
	],
	"display": {
		"thirdperson_righthand": {
			"translation": [0, 9.25, 0.75]
		},
		"thirdperson_lefthand": {
			"rotation": [180, 0, 0],
			"translation": [0, -13.25, 0.75]
		},
		"firstperson_righthand": {
			"rotation": [13, 0, 0],
			"translation": [2, 7.5, 0.75]
		},
		"firstperson_lefthand": {
			"rotation": [163, 14, 5],
			"translation": [4, -7.5, 0.5]
		},
		"ground": {
			"rotation": [0, 0, -90],
			"translation": [6, -1.5, 0]
		},
		"gui": {
			"rotation": [90, 45, -90],
			"translation": [4.25, 4.75, 0]
		},
		"head": {
			"rotation": [60, -114, 31],
			"translation": [0.5, -4.25, -1.5]
		},
		"fixed": {
			"rotation": [90, -45, 90],
			"translation": [-3.75, 4, 0]
		}
	},
	"groups": [
		{
			"name": "blade",
			"origin": [6.35, 0, 0],
			"color": 0,
			"children": [
				{
					"name": "group",
					"origin": [6.35, 6.3, 0.5],
					"color": 0,
					"children": [0, 1, 2, 3, 4, 5, 6, 7, 8, 9, 10, 11, 12, 13, 14, 15, 16, 17, 18, 19, 20, 21, 22]
				},
				{
					"name": "group",
					"origin": [8.197, 3.98995, 9.67574],
					"color": 0,
					"children": [23, 24, 25, 26, 27, 28, 29, 30, 31, 32, 33, 34, 35, 36]
				},
				{
					"name": "group",
					"origin": [8.197, 2.06066, 9.45355],
					"color": 0,
					"children": [37, 38, 39, 40, 41, 42]
				},
				{
					"name": "group",
					"origin": [8, 0.75, 8.6],
					"color": 0,
					"children": [43, 44, 45]
				}
			]
		},
		{
			"name": "tsuba",
			"origin": [8, 8, 8],
			"color": 0,
			"children": [46, 47, 48, 49, 50, 51, 52]
		},
		{
			"name": "handle",
			"origin": [8, 8, 8],
			"color": 0,
			"children": [
				53,
				54,
				55,
				{
					"name": "hexadecagon",
					"origin": [8, 8, 8],
					"color": 0,
					"children": [56, 57, 58, 59, 60, 61, 62, 63]
				},
				{
					"name": "hexadecagon",
					"origin": [8, 8, 8],
					"color": 0,
					"children": [64, 65, 66, 67, 68, 69, 70, 71, 72, 73, 74, 75, 76, 77, 78, 79]
				}
			]
		}
	]
}