{
	"credit": "Made with Blockbench",
	"texture_size": [64, 64],
	"textures": {
		"0": "item/amnam",
		"particle": "item/amnam"
	},
	"elements": [
		{
			"from": [9.8, 0, 3],
			"to": [11.8, 2, 5],
			"rotation": {"angle": 0, "axis": "y", "origin": [8, 0, 8]},
			"faces": {
				"north": {"uv": [6.5, 2.25, 7, 2.75], "texture": "#0"},
				"east": {"uv": [6.5, 2.75, 7, 3.25], "texture": "#0"},
				"south": {"uv": [6.5, 3.25, 7, 3.75], "texture": "#0"},
				"west": {"uv": [6.5, 3.75, 7, 4.25], "texture": "#0"},
				"up": {"uv": [4.75, 7, 4.25, 6.5], "texture": "#0"},
				"down": {"uv": [5.25, 6.5, 4.75, 7], "texture": "#0"}
			}
		},
		{
			"from": [4.3, 0, 3],
			"to": [6.3, 2, 5],
			"rotation": {"angle": 0, "axis": "y", "origin": [8, 0, 8]},
			"faces": {
				"north": {"uv": [5.25, 6.5, 5.75, 7], "texture": "#0"},
				"east": {"uv": [5.75, 6.5, 6.25, 7], "texture": "#0"},
				"south": {"uv": [0, 6.75, 0.5, 7.25], "texture": "#0"},
				"west": {"uv": [6.75, 0, 7.25, 0.5], "texture": "#0"},
				"up": {"uv": [1, 7.25, 0.5, 6.75], "texture": "#0"},
				"down": {"uv": [7.25, 0.5, 6.75, 1], "texture": "#0"}
			}
		},
		{
			"from": [7.5, 8, 8.5],
			"to": [8.5, 9, 9.5],
			"rotation": {"angle": 0, "axis": "y", "origin": [8, 0, 8]},
			"faces": {
				"north": {"uv": [5.5, 4.25, 5.75, 4.5], "texture": "#0"},
				"east": {"uv": [5.75, 4.25, 6, 4.5], "texture": "#0"},
				"south": {"uv": [6, 4.25, 6.25, 4.5], "texture": "#0"},
				"west": {"uv": [6.75, 2, 7, 2.25], "texture": "#0"},
				"up": {"uv": [7.25, 4.25, 7, 4], "texture": "#0"},
				"down": {"uv": [7.5, 0.5, 7.25, 0.75], "texture": "#0"}
			}
		},
		{
			"from": [2, 0, 8],
			"to": [4, 2, 10],
			"rotation": {"angle": 0, "axis": "y", "origin": [8, 0, 8]},
			"faces": {
				"north": {"uv": [1, 6.75, 1.5, 7.25], "texture": "#0"},
				"east": {"uv": [6.75, 1, 7.25, 1.5], "texture": "#0"},
				"south": {"uv": [1.5, 6.75, 2, 7.25], "texture": "#0"},
				"west": {"uv": [6.75, 1.5, 7.25, 2], "texture": "#0"},
				"up": {"uv": [7.5, 2.5, 7, 2], "texture": "#0"},
				"down": {"uv": [7.5, 2.5, 7, 3], "texture": "#0"}
			}
		},
		{
			"from": [12, 0, 8],
			"to": [14, 2, 10],
			"rotation": {"angle": 0, "axis": "y", "origin": [8, 0, 8]},
			"faces": {
				"north": {"uv": [7, 3, 7.5, 3.5], "texture": "#0"},
				"east": {"uv": [7, 3.5, 7.5, 4], "texture": "#0"},
				"south": {"uv": [4.25, 7, 4.75, 7.5], "texture": "#0"},
				"west": {"uv": [4.75, 7, 5.25, 7.5], "texture": "#0"},
				"up": {"uv": [5.75, 7.5, 5.25, 7], "texture": "#0"},
				"down": {"uv": [6.25, 7, 5.75, 7.5], "texture": "#0"}
			}
		},
		{
			"from": [4, 0, 5],
			"to": [12, 8, 13],
			"rotation": {"angle": 0, "axis": "y", "origin": [8, 0, 8]},
			"faces": {
				"north": {"uv": [2.25, 4.5, 4.25, 6.5], "texture": "#0"},
				"east": {"uv": [4.5, 2.25, 6.5, 4.25], "texture": "#0"},
				"south": {"uv": [4.25, 4.5, 6.25, 6.5], "texture": "#0"},
				"west": {"uv": [6.25, 4.25, 8.25, 6.25], "texture": "#0"},
				"up": {"uv": [8.25, 8.25, 6.25, 6.25], "texture": "#0"},
				"down": {"uv": [4.25, 6.5, 2.25, 8.5], "texture": "#0"}
			}
		},
		{
			"from": [6, 9, 9],
			"to": [8, 11, 10],
			"rotation": {"angle": 0, "axis": "y", "origin": [8, 0, 8]},
			"faces": {
				"north": {"uv": [0, 7.25, 0.5, 7.75], "texture": "#0"},
				"east": {"uv": [2, 6.75, 2.25, 7.25], "texture": "#0"},
				"south": {"uv": [7.25, 0, 7.75, 0.5], "texture": "#0"},
				"west": {"uv": [0.5, 7.25, 0.75, 7.75], "texture": "#0"},
				"up": {"uv": [5, 4.5, 4.5, 4.25], "texture": "#0"},
				"down": {"uv": [5.5, 4.25, 5, 4.5], "texture": "#0"}
			}
		},
		{
			"from": [3.5, -0.3, 4.5],
			"to": [12.5, 8.7, 13.5],
			"rotation": {"angle": 0, "axis": "y", "origin": [8, 0, 8]},
			"faces": {
				"north": {"uv": [0, 0, 2.25, 2.25], "texture": "#0"},
				"east": {"uv": [0, 2.25, 2.25, 4.5], "texture": "#0"},
				"south": {"uv": [2.25, 0, 4.5, 2.25], "texture": "#0"},
				"west": {"uv": [2.25, 2.25, 4.5, 4.5], "texture": "#0"},
				"up": {"uv": [2.25, 6.75, 0, 4.5], "texture": "#0"},
				"down": {"uv": [6.75, 0, 4.5, 2.25], "texture": "#0"}
			}
		},
		{
			"from": [3.8, -0.4, 4.8],
			"to": [12.2, 8, 13.2],
			"rotation": {"angle": 0, "axis": "y", "origin": [8, 0, 8]},
			"faces": {
				"north": {"uv": [8.25, 0, 10.5, 2.25], "texture": "#0"},
				"east": {"uv": [8.25, 2.25, 10.5, 4.5], "texture": "#0"},
				"south": {"uv": [10.5, 0, 12.75, 2.25], "texture": "#0"},
				"west": {"uv": [10.5, 2.25, 12.75, 4.5], "texture": "#0"},
				"up": {"uv": [10.5, 6.75, 8.25, 4.5], "texture": "#0"},
				"down": {"uv": [15, 0, 12.75, 2.25], "texture": "#0"}
			}
		}
	],
	"display": {
		"thirdperson_righthand": {
			"rotation": [0, 142, 0],
			"translation": [0, 4, 1.5],
			"scale": [0.5, 0.5, 0.5]
		},
		"thirdperson_lefthand": {
			"rotation": [0, 142, 0],
			"translation": [0, 4, 1],
			"scale": [0.5, 0.5, 0.5]
		},
		"firstperson_righthand": {
			"rotation": [0, 138, 0],
			"translation": [1, 6, 0],
			"scale": [0.3, 0.3, 0.3]
		},
		"firstperson_lefthand": {
			"rotation": [0, 137, 0],
			"translation": [1, 6, 0],
			"scale": [0.3, 0.3, 0.3]
		},
		"ground": {
			"translation": [0, 2, 0],
			"scale": [0.5, 0.5, 0.5]
		},
		"gui": {
			"rotation": [13, -153, 0],
			"translation": [0.5, 3.5, 0],
			"scale": [1.0, 1.0, 1.0]
		},
		"head": {
			"translation": [0, 14.5, 0]
		},
		"fixed": {
			"rotation": [0, 0, 0],
			"translation": [0, 0, 0],
			"scale": [0.4, 0.4, 0.4]
		}
	}
}