{
	"credit": "Made with Blockbench",
	"parent": "black_katana1",
	"texture_size": [32, 32],
	"textures": {
		"2": "./black_katana1",
		"particle": "./black_katana2"
	},
	"elements": [
		{
			"from": [7, 0.5, 8],
			"to": [9, 7, 9],
			"faces": {
				"north": {"uv": [2, 0, 3, 3.25], "texture": "#2"},
				"east": {"uv": [3, 3.5, 3.5, 6.75], "texture": "#2"},
				"south": {"uv": [3, 0, 4, 3.25], "texture": "#2"},
				"west": {"uv": [3.5, 3.5, 4, 6.75], "texture": "#2"},
				"up": {"uv": [5, 3.5, 4, 3], "texture": "#2"},
				"down": {"uv": [5, 3.5, 4, 4], "texture": "#2"}
			}
		},
		{
			"from": [6.75, 7, 7.75],
			"to": [9.25, 7.5, 9.25],
			"faces": {
				"north": {"uv": [5, 2, 6.25, 2.25], "texture": "#2"},
				"east": {"uv": [4.5, 5, 5.25, 5.25], "texture": "#2"},
				"south": {"uv": [5, 2.5, 6.25, 2.75], "texture": "#2"},
				"west": {"uv": [5.5, 0, 6.25, 0.25], "texture": "#2"},
				"up": {"uv": [5.25, 0.75, 4, 0], "texture": "#2"},
				"down": {"uv": [5.25, 1, 4, 1.75], "texture": "#2"}
			}
		},
		{
			"from": [7.25, 7, 8.4],
			"to": [8.75, 27, 8.6],
			"faces": {
				"north": {"uv": [1, 0, 1.75, 10], "texture": "#2"},
				"east": {"uv": [2.5, 3.5, 2.75, 13.5], "texture": "#2"},
				"south": {"uv": [0, 0, 0.75, 10], "texture": "#2"},
				"west": {"uv": [2, 3.5, 2.25, 13.5], "texture": "#2"},
				"up": {"uv": [6.25, 0.75, 5.5, 0.5], "texture": "#2"},
				"down": {"uv": [6.25, 1, 5.5, 1.25], "texture": "#2"}
			}
		},
		{
			"from": [7.25, 29, 8.4],
			"to": [7.75, 30, 8.6],
			"faces": {
				"north": {"uv": [4.5, 5.5, 4.75, 6], "texture": "#2"},
				"east": {"uv": [5.5, 4.5, 5.75, 5], "texture": "#2"},
				"south": {"uv": [5, 5.5, 5.25, 6], "texture": "#2"},
				"west": {"uv": [5.5, 5, 5.75, 5.5], "texture": "#2"},
				"up": {"uv": [6.25, 3.25, 6, 3], "texture": "#2"},
				"down": {"uv": [6.25, 3.5, 6, 3.75], "texture": "#2"}
			}
		},
		{
			"from": [7.25, 27, 8.4],
			"to": [8.25, 29, 8.6],
			"faces": {
				"north": {"uv": [4.5, 4, 5, 5], "texture": "#2"},
				"east": {"uv": [4, 5, 4.25, 6], "texture": "#2"},
				"south": {"uv": [4, 4, 4.5, 5], "texture": "#2"},
				"west": {"uv": [5, 4, 5.25, 5], "texture": "#2"},
				"up": {"uv": [6, 5.75, 5.5, 5.5], "texture": "#2"},
				"down": {"uv": [6.5, 1.5, 6, 1.75], "texture": "#2"}
			}
		},
		{
			"from": [7, 0, 8],
			"to": [9, 0.5, 9],
			"faces": {
				"north": {"uv": [5, 3, 6, 3.25], "texture": "#2"},
				"east": {"uv": [5.5, 1.5, 6, 1.75], "texture": "#2"},
				"south": {"uv": [5, 3.5, 6, 3.75], "texture": "#2"},
				"west": {"uv": [5.5, 4, 6, 4.25], "texture": "#2"},
				"up": {"uv": [5, 2.5, 4, 2], "texture": "#2"},
				"down": {"uv": [5, 2.5, 4, 3], "texture": "#2"}
			}
		}
	],
	"display": {
		"thirdperson_righthand": {
			"rotation": [0, 90, 0],
			"translation": [-0.5, 1.5, 1],
			"scale": [0.82, 0.85, 0.82]
		},
		"thirdperson_lefthand": {
			"rotation": [-180, 90, 0],
			"translation": [-0.5, 0.75, 0],
			"scale": [0.82, 0.82, 0.82]
		},
		"firstperson_righthand": {
			"rotation": [-8, 90, 0],
			"translation": [4, 1, 0],
			"scale": [0.55, 0.63, 0.55]
		},
		"ground": {
			"rotation": [93, 32, 0]
		},
		"gui": {
			"rotation": [0, 180, 46],
			"translation": [-3.75, -3.5, 0],
			"scale": [0.86, 0.79, 0.86]
		},
		"fixed": {
			"rotation": [0, 0, 46],
			"translation": [4.5, -3.5, -1.25],
			"scale": [0.97, 0.91, 1]
		}
	}
}