{
	"credit": "Made with Blockbench",
	"parent": "black_katana2",
	"texture_size": [32, 32],
	"textures": {
		"4": "./black_katana2",
		"particle": "./black_katana2"
	},
	"elements": [
		{
			"from": [7, 0.5, 8],
			"to": [9, 7, 9],
			"faces": {
				"north": {"uv": [5, 0, 6, 3.25], "texture": "#4"},
				"east": {"uv": [7, 0, 7.5, 3.25], "texture": "#4"},
				"south": {"uv": [5, 3.5, 6, 6.75], "texture": "#4"},
				"west": {"uv": [7, 3.5, 7.5, 6.75], "texture": "#4"},
				"up": {"uv": [8.5, 4.5, 7.5, 4], "texture": "#4"},
				"down": {"uv": [8.5, 4.5, 7.5, 5], "texture": "#4"}
			}
		},
		{
			"from": [6.75, 7, 7.75],
			"to": [9.25, 7.5, 9.25],
			"faces": {
				"north": {"uv": [7, 8, 8.25, 8.25], "texture": "#4"},
				"east": {"uv": [8.5, 1.5, 9.25, 1.75], "texture": "#4"},
				"south": {"uv": [8, 7, 9.25, 7.25], "texture": "#4"},
				"west": {"uv": [8.5, 4, 9.25, 4.25], "texture": "#4"},
				"up": {"uv": [8.75, 2.75, 7.5, 2], "texture": "#4"},
				"down": {"uv": [8.75, 3, 7.5, 3.75], "texture": "#4"}
			}
		},
		{
			"from": [6.75, 29, 7.75],
			"to": [9.25, 29.5, 9.25],
			"faces": {
				"north": {"uv": [7, 8, 8.25, 8.25], "texture": "#4"},
				"east": {"uv": [8.5, 1.5, 9.25, 1.75], "texture": "#4"},
				"south": {"uv": [8, 7, 9.25, 7.25], "texture": "#4"},
				"west": {"uv": [8.5, 4, 9.25, 4.25], "texture": "#4"},
				"up": {"uv": [8.75, 2.75, 7.5, 2], "texture": "#4"},
				"down": {"uv": [8.75, 3, 7.5, 3.75], "texture": "#4"}
			}
		},
		{
			"from": [6.75, 29, 7.75],
			"to": [9.25, 29.5, 9.25],
			"faces": {
				"north": {"uv": [7, 8, 8.25, 8.25], "texture": "#4"},
				"east": {"uv": [8.5, 1.5, 9.25, 1.75], "texture": "#4"},
				"south": {"uv": [8, 7, 9.25, 7.25], "texture": "#4"},
				"west": {"uv": [8.5, 4, 9.25, 4.25], "texture": "#4"},
				"up": {"uv": [8.75, 2.75, 7.5, 2], "texture": "#4"},
				"down": {"uv": [8.75, 3, 7.5, 3.75], "texture": "#4"}
			}
		},
		{
			"from": [6.75, 8, 7.75],
			"to": [9.25, 8.5, 9.25],
			"faces": {
				"north": {"uv": [7, 8, 8.25, 8.25], "texture": "#4"},
				"east": {"uv": [8.5, 1.5, 9.25, 1.75], "texture": "#4"},
				"south": {"uv": [8, 7, 9.25, 7.25], "texture": "#4"},
				"west": {"uv": [8.5, 4, 9.25, 4.25], "texture": "#4"},
				"up": {"uv": [8.75, 2.75, 7.5, 2], "texture": "#4"},
				"down": {"uv": [8.75, 3, 7.5, 3.75], "texture": "#4"}
			}
		},
		{
			"from": [7.25, 7, 8.4],
			"to": [8.75, 27, 8.6],
			"faces": {
				"north": {"uv": [2, 0, 2.75, 10], "texture": "#4"},
				"east": {"uv": [6, 0, 6.25, 10], "texture": "#4"},
				"south": {"uv": [3, 0, 3.75, 10], "texture": "#4"},
				"west": {"uv": [6.5, 0, 6.75, 10], "texture": "#4"},
				"up": {"uv": [9.25, 4.75, 8.5, 4.5], "texture": "#4"},
				"down": {"uv": [9.25, 5, 8.5, 5.25], "texture": "#4"}
			}
		},
		{
			"from": [7.25, 29, 8.4],
			"to": [7.75, 30, 8.6],
			"faces": {
				"north": {"uv": [7.5, 8.5, 7.75, 9], "texture": "#4"},
				"east": {"uv": [8, 8.5, 8.25, 9], "texture": "#4"},
				"south": {"uv": [8.5, 8, 8.75, 8.5], "texture": "#4"},
				"west": {"uv": [8.5, 8.5, 8.75, 9], "texture": "#4"},
				"up": {"uv": [9.25, 2.25, 9, 2], "texture": "#4"},
				"down": {"uv": [9.25, 2.5, 9, 2.75], "texture": "#4"}
			}
		},
		{
			"from": [7.25, 27, 8.4],
			"to": [8.25, 29, 8.6],
			"faces": {
				"north": {"uv": [7.5, 6, 8, 7], "texture": "#4"},
				"east": {"uv": [5.5, 8, 5.75, 9], "texture": "#4"},
				"south": {"uv": [5, 8, 5.5, 9], "texture": "#4"},
				"west": {"uv": [8.5, 0.5, 8.75, 1.5], "texture": "#4"},
				"up": {"uv": [9.5, 0.75, 9, 0.5], "texture": "#4"},
				"down": {"uv": [9.5, 1, 9, 1.25], "texture": "#4"}
			}
		},
		{
			"from": [7, 0, 8],
			"to": [9, 0.5, 9],
			"faces": {
				"north": {"uv": [8, 7.5, 9, 7.75], "texture": "#4"},
				"east": {"uv": [8.5, 5.5, 9, 5.75], "texture": "#4"},
				"south": {"uv": [8.5, 0, 9.5, 0.25], "texture": "#4"},
				"west": {"uv": [7, 8.5, 7.5, 8.75], "texture": "#4"},
				"up": {"uv": [8.5, 5.5, 7.5, 5], "texture": "#4"},
				"down": {"uv": [8.5, 5.5, 7.5, 6], "texture": "#4"}
			}
		},
		{
			"from": [7, 7.4, 8],
			"to": [9, 30.4, 9],
			"faces": {
				"north": {"uv": [0, 0, 1, 11.5], "texture": "#4"},
				"east": {"uv": [4, 0, 4.5, 11.5], "texture": "#4"},
				"south": {"uv": [1, 0, 2, 11.5], "texture": "#4"},
				"west": {"uv": [4.5, 0, 5, 11.5], "texture": "#4"},
				"up": {"uv": [9, 6.5, 8, 6], "texture": "#4"},
				"down": {"uv": [9, 6.5, 8, 7], "texture": "#4"}
			}
		},
		{
			"from": [7, 8, 9.1],
			"to": [9, 10, 9.1],
			"faces": {
				"north": {"uv": [7.5, 0, 8.5, 1], "texture": "#4"},
				"east": {"uv": [0, 0, 0, 1], "texture": "#4"},
				"south": {"uv": [7.5, 1, 8.5, 2], "texture": "#4"},
				"west": {"uv": [0, 0, 0, 1], "texture": "#4"},
				"up": {"uv": [1, 0, 0, 0], "texture": "#4"},
				"down": {"uv": [1, 0, 0, 0], "texture": "#4"}
			}
		},
		{
			"from": [7, 27.5, 7.9],
			"to": [9, 29.5, 7.9],
			"faces": {
				"north": {"uv": [7.5, 1, 8.5, 2], "texture": "#4"},
				"east": {"uv": [0, 0, 0, 1], "texture": "#4"},
				"south": {"uv": [7.5, 0, 8.5, 1], "texture": "#4"},
				"west": {"uv": [0, 0, 0, 1], "texture": "#4"},
				"up": {"uv": [1, 0, 0, 0], "rotation": 180, "texture": "#4"},
				"down": {"uv": [1, 0, 0, 0], "rotation": 180, "texture": "#4"}
			}
		},
		{
			"from": [6.5, 26.5, 7.9],
			"to": [8.5, 28.5, 7.9],
			"faces": {
				"north": {"uv": [7.5, 1, 8.5, 2], "texture": "#4"},
				"east": {"uv": [0, 0, 0, 1], "texture": "#4"},
				"south": {"uv": [7.5, 0, 8.5, 1], "texture": "#4"},
				"west": {"uv": [0, 0, 0, 1], "texture": "#4"},
				"up": {"uv": [1, 0, 0, 0], "rotation": 180, "texture": "#4"},
				"down": {"uv": [1, 0, 0, 0], "rotation": 180, "texture": "#4"}
			}
		},
		{
			"from": [6.5, 24, 7.9],
			"to": [8.5, 26, 7.9],
			"faces": {
				"north": {"uv": [7.5, 1, 8.5, 2], "texture": "#4"},
				"east": {"uv": [0, 0, 0, 1], "texture": "#4"},
				"south": {"uv": [7.5, 0, 8.5, 1], "texture": "#4"},
				"west": {"uv": [0, 0, 0, 1], "texture": "#4"},
				"up": {"uv": [1, 0, 0, 0], "rotation": 180, "texture": "#4"},
				"down": {"uv": [1, 0, 0, 0], "rotation": 180, "texture": "#4"}
			}
		},
		{
			"from": [7, 25, 9.15],
			"to": [9, 27, 9.15],
			"faces": {
				"north": {"uv": [7.5, 1, 8.5, 2], "texture": "#4"},
				"east": {"uv": [0, 0, 0, 1], "texture": "#4"},
				"south": {"uv": [7.5, 0, 8.5, 1], "texture": "#4"},
				"west": {"uv": [0, 0, 0, 1], "texture": "#4"},
				"up": {"uv": [1, 0, 0, 0], "rotation": 180, "texture": "#4"},
				"down": {"uv": [1, 0, 0, 0], "rotation": 180, "texture": "#4"}
			}
		},
		{
			"from": [6.5, 26.5, 9.15],
			"to": [8.5, 28.5, 9.15],
			"faces": {
				"north": {"uv": [7.5, 1, 8.5, 2], "texture": "#4"},
				"east": {"uv": [0, 0, 0, 1], "texture": "#4"},
				"south": {"uv": [7.5, 0, 8.5, 1], "texture": "#4"},
				"west": {"uv": [0, 0, 0, 1], "texture": "#4"},
				"up": {"uv": [1, 0, 0, 0], "rotation": 180, "texture": "#4"},
				"down": {"uv": [1, 0, 0, 0], "rotation": 180, "texture": "#4"}
			}
		},
		{
			"from": [6.5, 24, 9.15],
			"to": [8.5, 26, 9.15],
			"faces": {
				"north": {"uv": [7.5, 1, 8.5, 2], "texture": "#4"},
				"east": {"uv": [0, 0, 0, 1], "texture": "#4"},
				"south": {"uv": [7.5, 0, 8.5, 1], "texture": "#4"},
				"west": {"uv": [0, 0, 0, 1], "texture": "#4"},
				"up": {"uv": [1, 0, 0, 0], "rotation": 180, "texture": "#4"},
				"down": {"uv": [1, 0, 0, 0], "rotation": 180, "texture": "#4"}
			}
		},
		{
			"from": [7, 27.5, 9.15],
			"to": [9, 29.5, 9.15],
			"faces": {
				"north": {"uv": [7.5, 1, 8.5, 2], "texture": "#4"},
				"east": {"uv": [0, 0, 0, 1], "texture": "#4"},
				"south": {"uv": [7.5, 0, 8.5, 1], "texture": "#4"},
				"west": {"uv": [0, 0, 0, 1], "texture": "#4"},
				"up": {"uv": [1, 0, 0, 0], "rotation": 180, "texture": "#4"},
				"down": {"uv": [1, 0, 0, 0], "rotation": 180, "texture": "#4"}
			}
		},
		{
			"from": [7, 25, 7.9],
			"to": [9, 27, 7.9],
			"faces": {
				"north": {"uv": [7.5, 1, 8.5, 2], "texture": "#4"},
				"east": {"uv": [0, 0, 0, 1], "texture": "#4"},
				"south": {"uv": [7.5, 0, 8.5, 1], "texture": "#4"},
				"west": {"uv": [0, 0, 0, 1], "texture": "#4"},
				"up": {"uv": [1, 0, 0, 0], "rotation": 180, "texture": "#4"},
				"down": {"uv": [1, 0, 0, 0], "rotation": 180, "texture": "#4"}
			}
		},
		{
			"from": [7, 25, 7.9],
			"to": [9, 27, 7.9],
			"faces": {
				"north": {"uv": [7.5, 1, 8.5, 2], "texture": "#4"},
				"east": {"uv": [0, 0, 0, 1], "texture": "#4"},
				"south": {"uv": [7.5, 0, 8.5, 1], "texture": "#4"},
				"west": {"uv": [0, 0, 0, 1], "texture": "#4"},
				"up": {"uv": [1, 0, 0, 0], "rotation": 180, "texture": "#4"},
				"down": {"uv": [1, 0, 0, 0], "rotation": 180, "texture": "#4"}
			}
		},
		{
			"from": [7, 10.5, 7.85],
			"to": [9, 12.5, 7.85],
			"faces": {
				"north": {"uv": [7.5, 0, 8.5, 1], "texture": "#4"},
				"east": {"uv": [0, 0, 0, 1], "texture": "#4"},
				"south": {"uv": [7.5, 1, 8.5, 2], "texture": "#4"},
				"west": {"uv": [0, 0, 0, 1], "texture": "#4"},
				"up": {"uv": [1, 0, 0, 0], "texture": "#4"},
				"down": {"uv": [1, 0, 0, 0], "texture": "#4"}
			}
		},
		{
			"from": [7.5, 9.5, 7.85],
			"to": [9.5, 11.5, 7.85],
			"faces": {
				"north": {"uv": [7.5, 0, 8.5, 1], "texture": "#4"},
				"east": {"uv": [0, 0, 0, 1], "texture": "#4"},
				"south": {"uv": [7.5, 1, 8.5, 2], "texture": "#4"},
				"west": {"uv": [0, 0, 0, 1], "texture": "#4"},
				"up": {"uv": [1, 0, 0, 0], "texture": "#4"},
				"down": {"uv": [1, 0, 0, 0], "texture": "#4"}
			}
		},
		{
			"from": [7, 8, 7.85],
			"to": [9, 10, 7.85],
			"faces": {
				"north": {"uv": [7.5, 0, 8.5, 1], "texture": "#4"},
				"east": {"uv": [0, 0, 0, 1], "texture": "#4"},
				"south": {"uv": [7.5, 1, 8.5, 2], "texture": "#4"},
				"west": {"uv": [0, 0, 0, 1], "texture": "#4"},
				"up": {"uv": [1, 0, 0, 0], "texture": "#4"},
				"down": {"uv": [1, 0, 0, 0], "texture": "#4"}
			}
		},
		{
			"from": [7.5, 9.5, 9.1],
			"to": [9.5, 11.5, 9.1],
			"faces": {
				"north": {"uv": [7.5, 0, 8.5, 1], "texture": "#4"},
				"east": {"uv": [0, 0, 0, 1], "texture": "#4"},
				"south": {"uv": [7.5, 1, 8.5, 2], "texture": "#4"},
				"west": {"uv": [0, 0, 0, 1], "texture": "#4"},
				"up": {"uv": [1, 0, 0, 0], "texture": "#4"},
				"down": {"uv": [1, 0, 0, 0], "texture": "#4"}
			}
		},
		{
			"from": [7, 10.5, 9.1],
			"to": [9, 12.5, 9.1],
			"faces": {
				"north": {"uv": [7.5, 0, 8.5, 1], "texture": "#4"},
				"east": {"uv": [0, 0, 0, 1], "texture": "#4"},
				"south": {"uv": [7.5, 1, 8.5, 2], "texture": "#4"},
				"west": {"uv": [0, 0, 0, 1], "texture": "#4"},
				"up": {"uv": [1, 0, 0, 0], "texture": "#4"},
				"down": {"uv": [1, 0, 0, 0], "texture": "#4"}
			}
		}
	],
	"display": {
		"thirdperson_righthand": {
			"rotation": [0, 90, 0],
			"translation": [-0.5, 1.5, 1],
			"scale": [0.82, 0.82, 0.82]
		},
		"thirdperson_lefthand": {
			"rotation": [-180, 90, 0],
			"translation": [-0.5, 0.75, 0],
			"scale": [0.82, 0.82, 0.82]
		},
		"firstperson_righthand": {
			"rotation": [-7, 90, 0],
			"translation": [4, 1, 0],
			"scale": [0.55, 0.63, 0.55]
		},
		"firstperson_lefthand": {
			"rotation": [102, -90, 0],
			"translation": [4.75, 0.5, 0],
			"scale": [0.55, 0.56, 0.55]
		},
		"ground": {
			"rotation": [93, 32, 0]
		},
		"gui": {
			"rotation": [0, 180, 46],
			"translation": [-3.75, -3.5, 0],
			"scale": [0.86, 0.79, 0.86]
		},
		"fixed": {
			"rotation": [0, 0, 46],
			"translation": [4.5, -3.5, -1.25],
			"scale": [0.97, 0.91, 1]
		}
	}
}