{
	"credit": "Made with Blockbench",
	"textures": {
		"2": "./Wyvernna"
	},
	"elements": [
		{
			"name": "Head",
			"from": [4, 23.5, 4],
			"to": [12, 31.5, 12],
			"faces": {
				"north": {"uv": [2, 2, 4, 4], "texture": "#2"},
				"east": {"uv": [0, 2, 2, 4], "texture": "#2"},
				"south": {"uv": [6, 2, 8, 4], "texture": "#2"},
				"west": {"uv": [4, 2, 6, 4], "texture": "#2"},
				"up": {"uv": [4, 2, 2, 0], "texture": "#2"},
				"down": {"uv": [6, 0, 4, 2], "texture": "#2"}
			}
		},
		{
			"name": "Hat Layer",
			"from": [3.5, 23, 3.5],
			"to": [12.5, 32, 12.5],
			"faces": {
				"north": {"uv": [10, 2, 12, 4], "texture": "#2"},
				"east": {"uv": [8, 2, 10, 4], "texture": "#2"},
				"south": {"uv": [14, 2, 16, 4], "texture": "#2"},
				"west": {"uv": [12, 2, 14, 4], "texture": "#2"},
				"up": {"uv": [12, 2, 10, 0], "texture": "#2"},
				"down": {"uv": [14, 0, 12, 2], "texture": "#2"}
			}
		},
		{
			"name": "Body",
			"from": [4, 11.5, 6],
			"to": [12, 23.5, 10],
			"faces": {
				"north": {"uv": [5, 5, 7, 8], "texture": "#2"},
				"east": {"uv": [4, 5, 5, 8], "texture": "#2"},
				"south": {"uv": [8, 5, 10, 8], "texture": "#2"},
				"west": {"uv": [7, 5, 8, 8], "texture": "#2"},
				"up": {"uv": [7, 5, 5, 4], "texture": "#2"},
				"down": {"uv": [9, 4, 7, 5], "texture": "#2"}
			}
		},
		{
			"name": "Body Layer",
			"from": [3.75, 11.25, 5.75],
			"to": [12.25, 23.75, 10.25],
			"faces": {
				"north": {"uv": [5, 9, 7, 12], "texture": "#2"},
				"east": {"uv": [4, 9, 5, 12], "texture": "#2"},
				"south": {"uv": [8, 9, 10, 12], "texture": "#2"},
				"west": {"uv": [7, 9, 8, 12], "texture": "#2"},
				"up": {"uv": [7, 9, 5, 8], "texture": "#2"},
				"down": {"uv": [9, 8, 7, 9], "texture": "#2"}
			}
		},
		{
			"name": "Right Arm",
			"from": [12, 11.5, 6],
			"to": [15, 23.5, 10],
			"faces": {
				"north": {"uv": [11, 5, 11.75, 8], "texture": "#2"},
				"east": {"uv": [10, 5, 11, 8], "texture": "#2"},
				"south": {"uv": [12.75, 5, 13.5, 8], "texture": "#2"},
				"west": {"uv": [11.75, 5, 12.75, 8], "texture": "#2"},
				"up": {"uv": [11.75, 5, 11, 4], "texture": "#2"},
				"down": {"uv": [12.5, 4, 11.75, 5], "texture": "#2"}
			}
		},
		{
			"name": "Right Arm Layer",
			"from": [11.75, 11.25, 5.75],
			"to": [15.25, 23.75, 10.25],
			"faces": {
				"north": {"uv": [11, 9, 11.75, 12], "texture": "#2"},
				"east": {"uv": [10, 9, 11, 12], "texture": "#2"},
				"south": {"uv": [12.75, 9, 13.5, 12], "texture": "#2"},
				"west": {"uv": [11.75, 9, 12.75, 12], "texture": "#2"},
				"up": {"uv": [11.75, 9, 11, 8], "texture": "#2"},
				"down": {"uv": [12.5, 8, 11.75, 9], "texture": "#2"}
			}
		},
		{
			"name": "Left Arm",
			"from": [1, 11.5, 6],
			"to": [4, 23.5, 10],
			"faces": {
				"north": {"uv": [9, 13, 9.75, 16], "texture": "#2"},
				"east": {"uv": [8, 13, 9, 16], "texture": "#2"},
				"south": {"uv": [10.75, 13, 11.5, 16], "texture": "#2"},
				"west": {"uv": [9.75, 13, 10.75, 16], "texture": "#2"},
				"up": {"uv": [9.75, 13, 9, 12], "texture": "#2"},
				"down": {"uv": [10.5, 12, 9.75, 13], "texture": "#2"}
			}
		},
		{
			"name": "Left Arm Layer",
			"from": [0.75, 11.25, 5.75],
			"to": [4.25, 23.75, 10.25],
			"faces": {
				"north": {"uv": [13, 13, 13.75, 16], "texture": "#2"},
				"east": {"uv": [12, 13, 13, 16], "texture": "#2"},
				"south": {"uv": [14.75, 13, 15.5, 16], "texture": "#2"},
				"west": {"uv": [13.75, 13, 14.75, 16], "texture": "#2"},
				"up": {"uv": [13.75, 13, 13, 12], "texture": "#2"},
				"down": {"uv": [14.5, 12, 13.75, 13], "texture": "#2"}
			}
		},
		{
			"name": "Right Leg",
			"from": [8, -0.5, 6],
			"to": [12, 11.5, 10],
			"faces": {
				"north": {"uv": [1, 5, 2, 8], "texture": "#2"},
				"east": {"uv": [0, 5, 1, 8], "texture": "#2"},
				"south": {"uv": [3, 5, 4, 8], "texture": "#2"},
				"west": {"uv": [2, 5, 3, 8], "texture": "#2"},
				"up": {"uv": [2, 5, 1, 4], "texture": "#2"},
				"down": {"uv": [3, 4, 2, 5], "texture": "#2"}
			}
		},
		{
			"name": "Right Leg Layer",
			"from": [7.75, -0.75, 5.75],
			"to": [12.25, 11.75, 10.25],
			"faces": {
				"north": {"uv": [1, 9, 2, 12], "texture": "#2"},
				"east": {"uv": [0, 9, 1, 12], "texture": "#2"},
				"south": {"uv": [3, 9, 4, 12], "texture": "#2"},
				"west": {"uv": [2, 9, 3, 12], "texture": "#2"},
				"up": {"uv": [2, 9, 1, 8], "texture": "#2"},
				"down": {"uv": [3, 8, 2, 9], "texture": "#2"}
			}
		},
		{
			"name": "Left Leg",
			"from": [4, -0.5, 6],
			"to": [8, 11.5, 10],
			"faces": {
				"north": {"uv": [5, 13, 6, 16], "texture": "#2"},
				"east": {"uv": [4, 13, 5, 16], "texture": "#2"},
				"south": {"uv": [7, 13, 8, 16], "texture": "#2"},
				"west": {"uv": [6, 13, 7, 16], "texture": "#2"},
				"up": {"uv": [6, 13, 5, 12], "texture": "#2"},
				"down": {"uv": [7, 12, 6, 13], "texture": "#2"}
			}
		},
		{
			"name": "Left Leg Layer",
			"from": [3.75, -0.75, 5.75],
			"to": [8.25, 11.75, 10.25],
			"faces": {
				"north": {"uv": [1, 13, 2, 16], "texture": "#2"},
				"east": {"uv": [0, 13, 1, 16], "texture": "#2"},
				"south": {"uv": [3, 13, 4, 16], "texture": "#2"},
				"west": {"uv": [2, 13, 3, 16], "texture": "#2"},
				"up": {"uv": [2, 13, 1, 12], "texture": "#2"},
				"down": {"uv": [3, 12, 2, 13], "texture": "#2"}
			}
		}
	],
	"display": {
		"thirdperson_righthand": {
			"rotation": [0, 90, -10],
			"translation": [0.25, 0.5, 1.5],
			"scale": [0.25, 0.25, 0.25]
		},
		"thirdperson_lefthand": {
			"rotation": [0, 90, -10],
			"translation": [0.25, 0.5, 1.5],
			"scale": [0.25, 0.25, 0.25]
		},
		"firstperson_righthand": {
			"rotation": [0, 90, -10],
			"translation": [3, 0.5, 1.5],
			"scale": [0.25, 0.25, 0.25]
		},
		"firstperson_lefthand": {
			"rotation": [0, 90, -10],
			"translation": [3, 0.5, 1.5],
			"scale": [0.25, 0.25, 0.25]
		},
		"ground": {
			"translation": [0, 2, 0],
			"scale": [0.5, 0.5, 0.5]
		},
		"gui": {
			"rotation": [30, 225, 0],
			"translation": [0, -3.25, 0],
			"scale": [0.5, 0.5, 0.5]
		},
		"head": {
			"translation": [0, -30.25, 0],
			"scale": [1.5, 1.5, 1.5]
		},
		"fixed": {
			"rotation": [-90, 0, 0],
			"translation": [0, 0, -16],
			"scale": [1.88, 1.88, 1.88]
		}
	},
	"groups": [
		{
			"name": "Head",
			"origin": [0, 24, 0],
			"color": 0,
			"nbt": "{}",
			"children": [0, 1]
		},
		{
			"name": "Body",
			"origin": [0, 24, 0],
			"color": 0,
			"nbt": "{}",
			"children": [2, 3]
		},
		{
			"name": "RightArm",
			"origin": [5, 22, 0],
			"color": 0,
			"nbt": "{}",
			"children": [4, 5]
		},
		{
			"name": "LeftArm",
			"origin": [-5, 22, 0],
			"color": 0,
			"nbt": "{}",
			"children": [6, 7]
		},
		{
			"name": "RightLeg",
			"origin": [1.9, 12, 0],
			"color": 0,
			"nbt": "{}",
			"children": [8, 9]
		},
		{
			"name": "LeftLeg",
			"origin": [-1.9, 12, 0],
			"color": 0,
			"nbt": "{}",
			"children": [10, 11]
		}
	]
}