{
	"credit": "Made with Blockbench",
	"texture_size": [8, 8],
	"textures": {
		"4": "./Grip",
		"5": "./guard",
		"7": "./Blade",
		"8": "./hzchtoeto",
		"9": "./print",
		"particle": "./Scabbard"
	},
	"elements": [
		{
			"name": "Гарда",
			"from": [7.1, 7.25, 7.85],
			"to": [8.9, 8.5, 8.25],
			"rotation": {"angle": 0, "axis": "y", "origin": [8, 7.875, 7.425]},
			"faces": {
				"north": {"uv": [0, 4, 1.75, 5.25], "texture": "#5"},
				"east": {"uv": [6, 8, 6.5, 9.25], "texture": "#5"},
				"south": {"uv": [2, 4, 3.75, 5.25], "texture": "#5"},
				"west": {"uv": [7, 8, 7.5, 9.25], "texture": "#5"},
				"up": {"uv": [3.75, 6.5, 2, 6], "texture": "#5"},
				"down": {"uv": [8.75, 7, 7, 7.5], "texture": "#5"}
			}
		},
		{
			"name": "Гарда",
			"from": [5.75, 7, 9.3],
			"to": [10.25, 7.25, 9.8],
			"rotation": {"angle": 0, "axis": "y", "origin": [8, 7.875, 7.425]},
			"faces": {
				"north": {"uv": [6, 4, 10.5, 4.25], "texture": "#5"},
				"east": {"uv": [2, 11, 2.5, 11.25], "texture": "#5"},
				"south": {"uv": [6, 5, 10.5, 5.25], "texture": "#5"},
				"west": {"uv": [3, 11, 3.5, 11.25], "texture": "#5"},
				"up": {"uv": [7.5, 0.5, 3, 0], "texture": "#5"},
				"down": {"uv": [7.5, 1, 3, 1.5], "texture": "#5"}
			}
		},
		{
			"name": "Гарда",
			"from": [6.25, 7, 7.9],
			"to": [9.75, 7.25, 8.2],
			"rotation": {"angle": 0, "axis": "y", "origin": [8, 7.875, 7.425]},
			"faces": {
				"north": {"uv": [8, 0, 11.5, 0.25], "texture": "#5"},
				"east": {"uv": [11, 6, 11.25, 6.25], "texture": "#5"},
				"south": {"uv": [8, 1, 11.5, 1.25], "texture": "#5"},
				"west": {"uv": [7, 11, 7.25, 11.25], "texture": "#5"},
				"up": {"uv": [5.5, 8.25, 2, 8], "texture": "#5"},
				"down": {"uv": [11.5, 2, 8, 2.25], "texture": "#5"}
			}
		},
		{
			"name": "Гарда",
			"from": [5.75, 7, 6.3],
			"to": [10.25, 7.25, 6.8],
			"rotation": {"angle": 0, "axis": "y", "origin": [8, 7.875, 7.425]},
			"faces": {
				"north": {"uv": [6, 6, 10.5, 6.25], "texture": "#5"},
				"east": {"uv": [11, 3, 11.5, 3.25], "texture": "#5"},
				"south": {"uv": [2, 7, 6.5, 7.25], "texture": "#5"},
				"west": {"uv": [4, 11, 4.5, 11.25], "texture": "#5"},
				"up": {"uv": [7.5, 2.5, 3, 2], "texture": "#5"},
				"down": {"uv": [7.5, 3, 3, 3.5], "texture": "#5"}
			}
		},
		{
			"name": "Гарда",
			"from": [9.75, 7, 6.8],
			"to": [10.25, 7.25, 9.3],
			"rotation": {"angle": 0, "axis": "y", "origin": [8, 7.875, 7.425]},
			"faces": {
				"north": {"uv": [11, 4, 11.5, 4.25], "texture": "#5"},
				"east": {"uv": [8, 3, 10.5, 3.25], "texture": "#5"},
				"south": {"uv": [5, 11, 5.5, 11.25], "texture": "#5"},
				"west": {"uv": [8, 8, 10.5, 8.25], "texture": "#5"},
				"up": {"uv": [4.5, 6.5, 4, 4], "texture": "#5"},
				"down": {"uv": [5.5, 4, 5, 6.5], "texture": "#5"}
			}
		},
		{
			"name": "Гарда",
			"from": [5.75, 7, 6.8],
			"to": [6.25, 7.25, 9.3],
			"rotation": {"angle": 0, "axis": "y", "origin": [8, 7.875, 7.425]},
			"faces": {
				"north": {"uv": [11, 5, 11.5, 5.25], "texture": "#5"},
				"east": {"uv": [0, 9, 2.5, 9.25], "texture": "#5"},
				"south": {"uv": [6, 11, 6.5, 11.25], "texture": "#5"},
				"west": {"uv": [3, 9, 5.5, 9.25], "texture": "#5"},
				"up": {"uv": [0.5, 8.5, 0, 6], "texture": "#5"},
				"down": {"uv": [1.5, 6, 1, 8.5], "texture": "#5"}
			}
		},
		{
			"name": "Гарда",
			"from": [7.85, 7, 6.8],
			"to": [8.15, 7.25, 9.3],
			"rotation": {"angle": 0, "axis": "y", "origin": [8, 7.875, 7.425]},
			"faces": {
				"north": {"uv": [8, 11, 8.25, 11.25], "texture": "#5"},
				"east": {"uv": [9, 7, 11.5, 7.25], "texture": "#5"},
				"south": {"uv": [11, 8, 11.25, 8.25], "texture": "#5"},
				"west": {"uv": [8, 9, 10.5, 9.25], "texture": "#5"},
				"up": {"uv": [0.25, 12.5, 0, 10], "texture": "#5"},
				"down": {"uv": [1.25, 10, 1, 12.5], "texture": "#5"}
			}
		},
		{
			"name": "Гарда",
			"from": [6.75, 7, 7.3],
			"to": [9.25, 7.25, 8.8],
			"rotation": {"angle": 0, "axis": "y", "origin": [8, 7.875, 7.425]},
			"faces": {
				"north": {"uv": [2, 10, 4.5, 10.25], "texture": "#5"},
				"east": {"uv": [8, 10, 9.5, 10.25], "texture": "#5"},
				"south": {"uv": [5, 10, 7.5, 10.25], "texture": "#5"},
				"west": {"uv": [10, 10, 11.5, 10.25], "texture": "#5"},
				"up": {"uv": [2.5, 1.5, 0, 0], "texture": "#5"},
				"down": {"uv": [2.5, 2, 0, 3.5], "texture": "#5"}
			}
		},
		{
			"from": [7, -4, 7.55],
			"to": [9, 7, 8.55],
			"rotation": {"angle": 0, "axis": "y", "origin": [8, 7.875, 7.425]},
			"faces": {
				"north": {"uv": [0, 0, 2, 11], "texture": "#4"},
				"east": {"uv": [4, 0, 5, 11], "texture": "#4"},
				"south": {"uv": [2, 0, 4, 11], "texture": "#4"},
				"west": {"uv": [5, 0, 6, 11], "texture": "#4"},
				"up": {"uv": [8, 7, 6, 6], "texture": "#4"},
				"down": {"uv": [8, 7, 6, 8], "texture": "#4"}
			}
		},
		{
			"from": [6.55, -4.1, 7.3],
			"to": [9.45, -3.05, 8.8],
			"rotation": {"angle": 0, "axis": "z", "origin": [8, 7.875, 7.425]},
			"faces": {
				"north": {"uv": [6, 4, 9, 4.75], "texture": "#4"},
				"east": {"uv": [6, 8, 7.5, 8.75], "texture": "#4"},
				"south": {"uv": [6, 5, 9, 5.75], "texture": "#4"},
				"west": {"uv": [8, 6, 9.5, 6.75], "texture": "#4"},
				"up": {"uv": [9, 1.5, 6, 0], "texture": "#4"},
				"down": {"uv": [9, 2, 6, 3.5], "texture": "#4"}
			}
		},
		{
			"name": "клинок1",
			"from": [7.25, 8.5, 7.95],
			"to": [8.75, 29, 8.15],
			"faces": {
				"north": {"uv": [0, 1.5, 0.75, 12.5], "texture": "#7"},
				"east": {"uv": [1.65, 1.5, 1.75, 12.5], "texture": "#7"},
				"south": {"uv": [1, 1.5, 1.75, 12.5], "texture": "#7"},
				"west": {"uv": [0.65, 1.5, 0.75, 12.5], "texture": "#7"},
				"up": {"uv": [1, 1.5, 1.75, 1.6], "texture": "#7"},
				"down": {"uv": [2.25, 15.25, 3, 15.35], "texture": "#7"}
			}
		},
		{
			"name": "клинок2",
			"from": [7.25, 29, 7.95],
			"to": [8.25, 31, 8.15],
			"faces": {
				"north": {"uv": [0.25, 0.5, 0.75, 1.5], "texture": "#7"},
				"east": {"uv": [1.3, 0.5, 1.4, 1.5], "texture": "#7"},
				"south": {"uv": [1, 0.5, 1.5, 1.5], "texture": "#7"},
				"west": {"uv": [1, 0.5, 1.1, 1.5], "texture": "#7"},
				"up": {"uv": [1, 1.5, 1.5, 1.6], "texture": "#7"},
				"down": {"uv": [0.25, 1.5, 0.75, 1.6], "texture": "#7"}
			}
		},
		{
			"name": "клинок3",
			"from": [7.25, 31, 7.95],
			"to": [7.75, 31.9, 8.15],
			"faces": {
				"north": {"uv": [0.5, 0, 0.75, 0.5], "texture": "#7"},
				"east": {"uv": [1.15, 0, 1.25, 0.5], "texture": "#7"},
				"south": {"uv": [1, 0, 1.25, 0.5], "texture": "#7"},
				"west": {"uv": [1, 0, 1.1, 0.5], "texture": "#7"},
				"up": {"uv": [1, 0, 1.25, 0.1], "texture": "#7"},
				"down": {"uv": [0.5, 0.4, 0.75, 0.5], "texture": "#7"}
			}
		},
		{
			"name": "Вода",
			"from": [7.1, 8.5, 7.85],
			"to": [8.9, 16.05, 8.25],
			"faces": {
				"north": {"uv": [0, 0, 4, 16], "texture": "#9"},
				"east": {"uv": [8, 0, 9, 16], "texture": "#9"},
				"south": {"uv": [4, 0, 8, 16], "texture": "#9"},
				"west": {"uv": [10, 0, 11, 16], "texture": "#9"},
				"up": {"uv": [16, 1, 12, 0], "texture": "#9"},
				"down": {"uv": [16, 2, 12, 3], "texture": "#9"}
			}
		},
		{
			"name": "хз что это",
			"from": [6.9, 5.5, 7.45],
			"to": [9.1, 7, 8.65],
			"faces": {
				"north": {"uv": [0, 0, 4, 3], "texture": "#8"},
				"east": {"uv": [4, 4, 6, 7], "texture": "#8"},
				"south": {"uv": [0, 4, 4, 7], "texture": "#8"},
				"west": {"uv": [6, 4, 8, 7], "texture": "#8"},
				"up": {"uv": [8, 2, 4, 0], "texture": "#8"},
				"down": {"uv": [8, 2, 4, 4], "texture": "#8"}
			}
		}
	],
	"display": {
		"thirdperson_righthand": {
			"rotation": [0, 90, 0],
			"translation": [0, 2.25, 0.25],
			"scale": [0.82, 0.82, 0.82]
		},
		"thirdperson_lefthand": {
			"rotation": [-178.75, -90, 0],
			"translation": [0, 1.25, 0],
			"scale": [0.82, 0.82, 0.82]
		},
		"firstperson_righthand": {
			"rotation": [-11, 90, 0],
			"translation": [1.75, 2, 1],
			"scale": [0.48, 0.48, 0.48]
		},
		"firstperson_lefthand": {
			"rotation": [133, -90, 0],
			"translation": [1.88, 1.2, 1.63],
			"scale": [0.48, 0.48, 0.48]
		},
		"ground": {
			"rotation": [-90, 0, 0],
			"translation": [0, 0, 2.5],
			"scale": [0.5, 0.5, 0.5]
		},
		"gui": {
			"rotation": [-180, 1, -135],
			"translation": [-2, -2, -4],
			"scale": [0.55078, 0.55078, 0.55078]
		},
		"head": {
			"rotation": [80.74, -84.33, 166.36],
			"translation": [-2, 0, -1.75]
		},
		"fixed": {
			"rotation": [180, 180, -135],
			"translation": [2.5, -2.75, -0.25],
			"scale": [0.63086, 0.63086, 0.63086]
		}
	},
	"groups": [
		{
			"name": "group",
			"origin": [0, 0, 0],
			"color": 0,
			"children": [
				{
					"name": "Гарда",
					"origin": [8, 8, 8],
					"color": 0,
					"children": [0, 1, 2, 3, 4, 5, 6, 7]
				},
				{
					"name": "Рукоять",
					"origin": [8, 8, 8],
					"color": 0,
					"children": [8, 9]
				},
				{
					"name": "Клинок",
					"origin": [0, 0, 0],
					"color": 0,
					"children": [10, 11, 12]
				},
				13,
				14
			]
		}
	]
}